{
    "accuracy": 0.8202947378158569,
    "val_accuracy": 0.14865845441818237,
    "loss": 0.6119286417961121,
    "val_loss": 5.096405506134033,
    "classification_report": {
        "Baked Potato": {
            "precision": 0.02857142857142857,
            "recall": 0.02,
            "f1-score": 0.023529411764705882,
            "support": 50.0
        },
        "Crispy Chicken": {
            "precision": 0.06521739130434782,
            "recall": 0.06,
            "f1-score": 0.0625,
            "support": 50.0
        },
        "Donut": {
            "precision": 0.0,
            "recall": 0.0,
            "f1-score": 0.0,
            "support": 50.0
        },
        "Fries": {
            "precision": 0.0,
            "recall": 0.0,
            "f1-score": 0.0,
            "support": 50.0
        },
        "Hot Dog": {
            "precision": 0.0,
            "recall": 0.0,
            "f1-score": 0.0,
            "support": 50.0
        },
        "Sandwich": {
            "precision": 0.03571428571428571,
            "recall": 0.04,
            "f1-score": 0.03773584905660377,
            "support": 50.0
        },
        "Taco": {
            "precision": 0.06666666666666667,
            "recall": 0.04,
            "f1-score": 0.05,
            "support": 50.0
        },
        "Taquito": {
            "precision": 0.034482758620689655,
            "recall": 0.02,
            "f1-score": 0.02531645569620253,
            "support": 50.0
        },
        "apple_pie": {
            "precision": 0.016666666666666666,
            "recall": 0.02,
            "f1-score": 0.01818181818181818,
            "support": 50.0
        },
        "burger": {
            "precision": 0.16666666666666666,
            "recall": 0.12,
            "f1-score": 0.13953488372093023,
            "support": 50.0
        },
        "butter_naan": {
            "precision": 0.044444444444444446,
            "recall": 0.04,
            "f1-score": 0.042105263157894736,
            "support": 50.0
        },
        "chai": {
            "precision": 0.0,
            "recall": 0.0,
            "f1-score": 0.0,
            "support": 50.0
        },
        "chapati": {
            "precision": 0.043478260869565216,
            "recall": 0.04,
            "f1-score": 0.041666666666666664,
            "support": 50.0
        },
        "cheesecake": {
            "precision": 0.037037037037037035,
            "recall": 0.02,
            "f1-score": 0.025974025974025976,
            "support": 50.0
        },
        "chicken_curry": {
            "precision": 0.07894736842105263,
            "recall": 0.06,
            "f1-score": 0.06818181818181818,
            "support": 50.0
        },
        "chole_bhature": {
            "precision": 0.02040816326530612,
            "recall": 0.02,
            "f1-score": 0.020202020202020204,
            "support": 50.0
        },
        "dal_makhani": {
            "precision": 0.0,
            "recall": 0.0,
            "f1-score": 0.0,
            "support": 45.0
        },
        "dhokla": {
            "precision": 0.0,
            "recall": 0.0,
            "f1-score": 0.0,
            "support": 0.0
        },
        "fried_rice": {
            "precision": 0.07317073170731707,
            "recall": 0.06,
            "f1-score": 0.06593406593406594,
            "support": 50.0
        },
        "ice_cream": {
            "precision": 0.027777777777777776,
            "recall": 0.02,
            "f1-score": 0.023255813953488372,
            "support": 50.0
        },
        "idli": {
            "precision": 0.017857142857142856,
            "recall": 0.02,
            "f1-score": 0.018867924528301886,
            "support": 50.0
        },
        "jalebi": {
            "precision": 0.023255813953488372,
            "recall": 0.02631578947368421,
            "f1-score": 0.024691358024691357,
            "support": 38.0
        },
        "kaathi_rolls": {
            "precision": 0.0,
            "recall": 0.0,
            "f1-score": 0.0,
            "support": 29.0
        },
        "kadai_paneer": {
            "precision": 0.047619047619047616,
            "recall": 0.04,
            "f1-score": 0.043478260869565216,
            "support": 50.0
        },
        "kulfi": {
            "precision": 0.0,
            "recall": 0.0,
            "f1-score": 0.0,
            "support": 0.0
        },
        "masala_dosa": {
            "precision": 0.0,
            "recall": 0.0,
            "f1-score": 0.0,
            "support": 23.0
        },
        "momos": {
            "precision": 0.046511627906976744,
            "recall": 0.04,
            "f1-score": 0.043010752688172046,
            "support": 50.0
        },
        "omelette": {
            "precision": 0.025,
            "recall": 0.02,
            "f1-score": 0.022222222222222223,
            "support": 50.0
        },
        "paani_puri": {
            "precision": 0.0,
            "recall": 0.0,
            "f1-score": 0.0,
            "support": 0.0
        },
        "pakode": {
            "precision": 0.0,
            "recall": 0.0,
            "f1-score": 0.0,
            "support": 19.0
        },
        "pav_bhaji": {
            "precision": 0.10810810810810811,
            "recall": 0.08,
            "f1-score": 0.09195402298850575,
            "support": 50.0
        },
        "pizza": {
            "precision": 0.020833333333333332,
            "recall": 0.04,
            "f1-score": 0.0273972602739726,
            "support": 25.0
        },
        "samosa": {
            "precision": 0.0,
            "recall": 0.0,
            "f1-score": 0.0,
            "support": 0.0
        },
        "sushi": {
            "precision": 0.0,
            "recall": 0.0,
            "f1-score": 0.0,
            "support": 50.0
        },
        "accuracy": 0.02973168963016679,
        "macro avg": {
            "precision": 0.030248080044451446,
            "recall": 0.024891640866873066,
            "f1-score": 0.026933526296637405,
            "support": 1379.0
        },
        "weighted avg": {
            "precision": 0.036709088451626,
            "recall": 0.02973168963016679,
            "f1-score": 0.03249149158893254,
            "support": 1379.0
        }
    }
}