{
    "accuracy": 0.9978435635566711,
    "classification_report": {
        "Baked Potato": {
            "precision": 0.029411764705882353,
            "recall": 0.02,
            "f1-score": 0.023809523809523808,
            "support": 50.0
        },
        "Crispy Chicken": {
            "precision": 0.08108108108108109,
            "recall": 0.06,
            "f1-score": 0.06896551724137931,
            "support": 50.0
        },
        "Donut": {
            "precision": 0.07317073170731707,
            "recall": 0.06,
            "f1-score": 0.06593406593406594,
            "support": 50.0
        },
        "Fries": {
            "precision": 0.01694915254237288,
            "recall": 0.02,
            "f1-score": 0.01834862385321101,
            "support": 50.0
        },
        "Hot Dog": {
            "precision": 0.05454545454545454,
            "recall": 0.06,
            "f1-score": 0.05714285714285714,
            "support": 50.0
        },
        "Sandwich": {
            "precision": 0.046511627906976744,
            "recall": 0.04,
            "f1-score": 0.043010752688172046,
            "support": 50.0
        },
        "Taco": {
            "precision": 0.08888888888888889,
            "recall": 0.08,
            "f1-score": 0.08421052631578947,
            "support": 50.0
        },
        "Taquito": {
            "precision": 0.011904761904761904,
            "recall": 0.02,
            "f1-score": 0.014925373134328358,
            "support": 50.0
        },
        "apple_pie": {
            "precision": 0.06521739130434782,
            "recall": 0.06,
            "f1-score": 0.0625,
            "support": 50.0
        },
        "burger": {
            "precision": 0.045454545454545456,
            "recall": 0.04,
            "f1-score": 0.0425531914893617,
            "support": 50.0
        },
        "butter_naan": {
            "precision": 0.0,
            "recall": 0.0,
            "f1-score": 0.0,
            "support": 50.0
        },
        "chai": {
            "precision": 0.07407407407407407,
            "recall": 0.08,
            "f1-score": 0.07692307692307693,
            "support": 50.0
        },
        "chapati": {
            "precision": 0.0625,
            "recall": 0.06,
            "f1-score": 0.061224489795918366,
            "support": 50.0
        },
        "cheesecake": {
            "precision": 0.018867924528301886,
            "recall": 0.02,
            "f1-score": 0.019417475728155338,
            "support": 50.0
        },
        "chicken_curry": {
            "precision": 0.015384615384615385,
            "recall": 0.02,
            "f1-score": 0.017391304347826087,
            "support": 50.0
        },
        "chole_bhature": {
            "precision": 0.043478260869565216,
            "recall": 0.04,
            "f1-score": 0.041666666666666664,
            "support": 50.0
        },
        "dal_makhani": {
            "precision": 0.037037037037037035,
            "recall": 0.044444444444444446,
            "f1-score": 0.04040404040404041,
            "support": 45.0
        },
        "dhokla": {
            "precision": 0.0,
            "recall": 0.0,
            "f1-score": 0.0,
            "support": 0.0
        },
        "fried_rice": {
            "precision": 0.022222222222222223,
            "recall": 0.02,
            "f1-score": 0.021052631578947368,
            "support": 50.0
        },
        "ice_cream": {
            "precision": 0.046511627906976744,
            "recall": 0.04,
            "f1-score": 0.043010752688172046,
            "support": 50.0
        },
        "idli": {
            "precision": 0.04081632653061224,
            "recall": 0.04,
            "f1-score": 0.04040404040404041,
            "support": 50.0
        },
        "jalebi": {
            "precision": 0.06666666666666667,
            "recall": 0.05263157894736842,
            "f1-score": 0.058823529411764705,
            "support": 38.0
        },
        "kaathi_rolls": {
            "precision": 0.0,
            "recall": 0.0,
            "f1-score": 0.0,
            "support": 29.0
        },
        "kadai_paneer": {
            "precision": 0.07894736842105263,
            "recall": 0.06,
            "f1-score": 0.06818181818181818,
            "support": 50.0
        },
        "kulfi": {
            "precision": 0.0,
            "recall": 0.0,
            "f1-score": 0.0,
            "support": 0.0
        },
        "masala_dosa": {
            "precision": 0.0,
            "recall": 0.0,
            "f1-score": 0.0,
            "support": 23.0
        },
        "momos": {
            "precision": 0.0196078431372549,
            "recall": 0.02,
            "f1-score": 0.019801980198019802,
            "support": 50.0
        },
        "omelette": {
            "precision": 0.021739130434782608,
            "recall": 0.02,
            "f1-score": 0.020833333333333332,
            "support": 50.0
        },
        "paani_puri": {
            "precision": 0.0,
            "recall": 0.0,
            "f1-score": 0.0,
            "support": 0.0
        },
        "pakode": {
            "precision": 0.0,
            "recall": 0.0,
            "f1-score": 0.0,
            "support": 19.0
        },
        "pav_bhaji": {
            "precision": 0.05263157894736842,
            "recall": 0.04,
            "f1-score": 0.045454545454545456,
            "support": 50.0
        },
        "pizza": {
            "precision": 0.0,
            "recall": 0.0,
            "f1-score": 0.0,
            "support": 25.0
        },
        "samosa": {
            "precision": 0.0,
            "recall": 0.0,
            "f1-score": 0.0,
            "support": 0.0
        },
        "sushi": {
            "precision": 0.0392156862745098,
            "recall": 0.04,
            "f1-score": 0.039603960396039604,
            "support": 50.0
        },
        "accuracy": 0.03770848440899202,
        "macro avg": {
            "precision": 0.033906934190490255,
            "recall": 0.03109047127622979,
            "f1-score": 0.03222335520944276,
            "support": 1379.0
        },
        "weighted avg": {
            "precision": 0.04108528131881671,
            "recall": 0.03770848440899202,
            "f1-score": 0.03906584575858687,
            "support": 1379.0
        }
    }
}